ENV_ID,Value_0.01_Seed_1,Value_0.01_Seed_10,Value_0.01_Seed_20,Value_0.01_Seed_25,Value_0.01_Seed_42,Value_0.1_Seed_1,Value_0.1_Seed_10,Value_0.1_Seed_20,Value_0.1_Seed_25,Value_0.1_Seed_42,Value_0.2_Seed_1,Value_0.2_Seed_10,Value_0.2_Seed_20,Value_0.2_Seed_25,Value_0.2_Seed_42,Value_0.3_Seed_1,Value_0.3_Seed_10,Value_0.3_Seed_20,Value_0.3_Seed_25,Value_0.3_Seed_42
0,0.0,0.0,0.0,0.0,0.0,0.0,0.0,0.0,0.0,0.0,0.0,0.0,0.0,0.0,0.0,0.0,0.0,0.0,0.0,0.0
1,0.0078000000000000005,0.0,0.0,0.0,0.0,0.0,0.0,0.0,0.0,0.0,0.0,0.0,0.0,0.0,0.0,0.0,0.0,0.0,0.0,0.0
2,0.0,0.0,0.0,0.0,0.0391,0.0,0.0,0.0,0.0,0.0,0.0,0.0,0.0,0.0,0.0,0.0,0.0,0.0,0.0,0.0
3,0.0,0.0,0.0,0.0,0.0,0.0,0.0,0.0,0.0,0.0,0.0,0.0,0.0,0.0,0.0,0.0,0.0,0.0,0.0,0.0
4,0.0703,0.0234,0.0859,0.0234,0.0234,0.0391,0.0078000000000000005,0.0859,0.046900000000000004,0.0391,0.0781,0.0391,0.0391,0.015600000000000001,0.0391,0.0391,0.0625,0.0078000000000000005,0.046900000000000004,0.046900000000000004
5,1.0,1.0,1.0,1.0,1.0,1.0,1.0,1.0,1.0,1.0,1.0,1.0,1.0,1.0,1.0,1.0,1.0,1.0,1.0,1.0
6,1.0,1.0,1.0,1.0,1.0,1.0,1.0,1.0,0.9844,1.0,0.9922000000000001,1.0,0.9922000000000001,1.0,1.0,1.0,1.0,1.0,1.0,1.0
7,1.0,1.0,1.0,1.0,1.0,1.0,0.9922000000000001,1.0,1.0,0.9922000000000001,1.0,1.0,1.0,1.0,1.0,1.0,1.0,1.0,1.0,0.9922000000000001
8,1.0,1.0,1.0,1.0,1.0,1.0,1.0,1.0,1.0,1.0,0.9922000000000001,1.0,1.0,1.0,1.0,1.0,1.0,1.0,1.0,0.9922000000000001
