ENV_ID,Value_0.5_Seed_1,Value_0.5_Seed_10,Value_0.5_Seed_20,Value_0.5_Seed_25,Value_0.5_Seed_42,Value_0.6_Seed_1,Value_0.6_Seed_10,Value_0.6_Seed_20,Value_0.6_Seed_25,Value_0.6_Seed_42,Value_0.7_Seed_1,Value_0.7_Seed_10,Value_0.7_Seed_20,Value_0.7_Seed_25,Value_0.7_Seed_42,Value_0.8_Seed_1,Value_0.8_Seed_10,Value_0.8_Seed_20,Value_0.8_Seed_25,Value_0.8_Seed_42,Value_0.9_Seed_1,Value_0.9_Seed_10,Value_0.9_Seed_20,Value_0.9_Seed_25,Value_0.9_Seed_42,Value_1.0_Seed_1,Value_1.0_Seed_10,Value_1.0_Seed_20,Value_1.0_Seed_25,Value_1.0_Seed_42
0,0.0,0.0,0.0,0.0,0.0,0.0,0.0,0.0,0.0,0.0,0.0,0.0,0.0,0.0,0.0,0.0,0.0,0.0,0.0,0.0,0.0,0.0,0.0,0.0,0.0,0.0,0.0,0.0,0.0,0.0
1,0.0,0.0,0.0,0.0,0.0,0.0,0.0,0.0,0.0,0.0,0.0,0.0,0.0,0.0,0.0,0.0,0.0,0.0,0.0,0.0,0.0,0.0,0.0,0.0,0.0,0.0,0.0,0.0,0.0,0.0
2,0.0,0.0,0.0,0.0,0.0,0.0,0.0,0.0,0.0,0.0,0.0,0.0,0.0,0.0,0.0,0.0,0.0,0.0078000000000000005,0.0,0.0,0.0,0.0,0.0,0.0078000000000000005,0.0,0.0,0.0,0.0,0.0,0.0
3,0.0,0.0,0.0,0.0,0.0,0.0,0.0,0.0,0.0,0.0,0.0078000000000000005,0.0,0.0,0.0,0.0,0.0,0.0,0.0,0.0,0.0,0.0,0.0,0.0,0.0,0.0,0.0,0.0,0.0,0.0,0.0
4,0.0391,0.031200000000000002,0.0078000000000000005,0.0781,0.0391,0.0391,0.031200000000000002,0.0078000000000000005,0.054700000000000006,0.054700000000000006,0.054700000000000006,0.0625,0.0078000000000000005,0.0234,0.0391,0.0781,0.0234,0.0234,0.054700000000000006,0.0391,0.054700000000000006,0.0078000000000000005,0.046900000000000004,0.0703,0.0,0.046900000000000004,0.0625,0.046900000000000004,0.046900000000000004,0.046900000000000004
5,1.0,1.0,1.0,1.0,1.0,1.0,1.0,1.0,1.0,0.9922000000000001,1.0,1.0,1.0,1.0,1.0,1.0,1.0,1.0,1.0,1.0,1.0,1.0,1.0,1.0,1.0,1.0,1.0,1.0,1.0,1.0
6,1.0,1.0,1.0,1.0,1.0,1.0,1.0,1.0,1.0,1.0,1.0,1.0,1.0,0.9844,1.0,1.0,1.0,1.0,1.0,1.0,0.9922000000000001,1.0,1.0,1.0,1.0,1.0,0.9922000000000001,1.0,1.0,1.0
7,1.0,1.0,1.0,1.0,1.0,1.0,1.0,1.0,1.0,1.0,1.0,1.0,1.0,1.0,1.0,1.0,1.0,1.0,1.0,0.9922000000000001,1.0,1.0,1.0,1.0,1.0,1.0,1.0,1.0,1.0,1.0
8,1.0,1.0,1.0,1.0,0.9922000000000001,1.0,1.0,1.0,1.0,1.0,1.0,1.0,1.0,1.0,1.0,1.0,1.0,1.0,1.0,0.9922000000000001,1.0,1.0,1.0,1.0,0.9922000000000001,0.9922000000000001,1.0,1.0,1.0,0.9922000000000001
