ENV_ID,Value_10_Seed_1,Value_10_Seed_10,Value_10_Seed_20,Value_10_Seed_25,Value_10_Seed_42,Value_25_Seed_1,Value_25_Seed_10,Value_25_Seed_20,Value_25_Seed_25,Value_25_Seed_42,Value_50_Seed_1,Value_50_Seed_10,Value_50_Seed_20,Value_50_Seed_25,Value_50_Seed_42,Value_100_Seed_1,Value_100_Seed_10,Value_100_Seed_20,Value_100_Seed_25,Value_100_Seed_42,Value_200_Seed_1,Value_200_Seed_10,Value_200_Seed_20,Value_200_Seed_25,Value_200_Seed_42,Value_400_Seed_1,Value_400_Seed_10,Value_400_Seed_20,Value_400_Seed_25,Value_400_Seed_42,Value_800_Seed_1,Value_800_Seed_10,Value_800_Seed_20,Value_800_Seed_25,Value_800_Seed_42,Value_1600_Seed_1,Value_1600_Seed_10,Value_1600_Seed_20,Value_1600_Seed_25,Value_1600_Seed_42
0,0.0391,0.0625,0.0234,0.046900000000000004,0.0078000000000000005,0.0391,0.0625,0.0234,0.0703,0.0703,0.054700000000000006,0.0625,0.0625,0.0625,0.0234,0.2109,0.054700000000000006,0.0234,0.046900000000000004,0.0234,0.054700000000000006,0.0625,0.0625,0.046900000000000004,0.0234,0.054700000000000006,0.2969,0.3125,0.33590000000000003,0.0703,0.031200000000000002,0.0391,0.0703,0.10160000000000001,0.0703,0.0391,0.0234,0.0625,0.0703,0.0703
1,0.054700000000000006,0.054700000000000006,0.0625,0.046900000000000004,0.0078000000000000005,0.054700000000000006,0.0391,0.0703,0.0625,0.046900000000000004,0.10940000000000001,0.054700000000000006,0.11720000000000001,0.10160000000000001,0.0078000000000000005,0.054700000000000006,0.0234,0.0703,0.10160000000000001,0.32030000000000003,0.031200000000000002,0.054700000000000006,0.0234,0.0625,0.0703,0.054700000000000006,0.0391,0.3594,0.10160000000000001,0.0234,0.0391,0.0234,0.0859,0.10160000000000001,0.0234,0.054700000000000006,0.0391,0.0234,0.046900000000000004,0.32030000000000003
2,0.0391,0.0391,0.11720000000000001,0.0625,0.0703,0.054700000000000006,0.0234,0.015600000000000001,0.046900000000000004,0.0703,0.031200000000000002,0.0391,0.0234,0.054700000000000006,0.0703,0.031200000000000002,0.0234,0.0781,0.10160000000000001,0.0234,0.054700000000000006,0.054700000000000006,0.0625,0.10160000000000001,0.0078000000000000005,0.2656,0.0391,0.0234,0.046900000000000004,0.0234,0.2656,0.0391,0.11720000000000001,0.2969,0.10160000000000001,0.3047,0.0234,0.25780000000000003,0.046900000000000004,0.33590000000000003
3,0.054700000000000006,0.0391,0.0703,0.046900000000000004,0.0703,0.054700000000000006,0.0625,0.0234,0.054700000000000006,0.0078000000000000005,0.054700000000000006,0.054700000000000006,0.0703,0.10160000000000001,0.0234,0.0391,0.0625,0.0234,0.09380000000000001,0.0234,0.0625,0.054700000000000006,0.0625,0.054700000000000006,0.0234,0.054700000000000006,0.09380000000000001,0.0625,0.046900000000000004,0.0703,0.054700000000000006,0.2656,0.0234,0.0625,0.0078000000000000005,0.0391,0.054700000000000006,0.0234,0.0703,0.0078000000000000005
4,0.031200000000000002,0.054700000000000006,0.0625,0.054700000000000006,0.0703,0.031200000000000002,0.0625,0.0703,0.046900000000000004,0.0703,0.054700000000000006,0.0625,0.0703,0.046900000000000004,0.0703,0.054700000000000006,0.054700000000000006,0.0625,0.0625,0.0234,0.054700000000000006,0.0703,0.0703,0.046900000000000004,0.0703,0.054700000000000006,0.0703,0.0234,0.046900000000000004,0.046900000000000004,0.0391,0.0234,0.0234,0.0625,0.0234,0.031200000000000002,0.11720000000000001,0.0703,0.046900000000000004,0.0234
5,0.0391,0.0391,0.0234,0.10160000000000001,0.0703,0.0391,0.0234,0.0234,0.046900000000000004,0.0703,0.054700000000000006,0.0234,0.0625,0.054700000000000006,0.0703,0.031200000000000002,0.054700000000000006,0.0234,0.054700000000000006,0.0078000000000000005,0.054700000000000006,0.0234,0.0703,0.0625,0.0703,0.054700000000000006,0.054700000000000006,0.0625,0.054700000000000006,0.0703,0.054700000000000006,0.054700000000000006,0.0625,0.046900000000000004,0.0078000000000000005,0.054700000000000006,0.0234,0.11720000000000001,0.054700000000000006,0.0703
6,0.031200000000000002,0.0234,0.0625,0.0625,0.0234,0.0391,0.054700000000000006,0.0234,0.10160000000000001,0.0234,0.0391,0.054700000000000006,0.0234,0.10160000000000001,0.0234,0.031200000000000002,0.0391,0.0703,0.046900000000000004,0.0234,0.0391,0.0625,0.0625,0.054700000000000006,0.0078000000000000005,0.054700000000000006,0.054700000000000006,0.0234,0.054700000000000006,0.0234,0.031200000000000002,0.0234,0.0078000000000000005,0.10160000000000001,0.0703,0.031200000000000002,0.0391,0.0703,0.054700000000000006,0.0234
7,0.054700000000000006,0.0391,0.0234,0.046900000000000004,0.0703,0.0391,0.0391,0.0234,0.054700000000000006,0.0234,0.054700000000000006,0.054700000000000006,0.0625,0.0625,0.0234,0.0391,0.0625,0.0234,0.054700000000000006,0.0234,0.054700000000000006,0.054700000000000006,0.0703,0.054700000000000006,0.0234,0.054700000000000006,0.054700000000000006,0.0234,0.054700000000000006,0.0703,0.0391,0.0234,0.0703,0.0625,0.0703,0.054700000000000006,0.0391,0.0234,0.0625,0.0078000000000000005
8,0.054700000000000006,0.0625,0.0703,0.054700000000000006,0.0234,0.054700000000000006,0.054700000000000006,0.0234,0.10160000000000001,0.0703,0.031200000000000002,0.0391,0.0234,0.046900000000000004,0.0703,0.031200000000000002,0.0391,0.0703,0.054700000000000006,0.0078000000000000005,0.054700000000000006,0.0234,0.0625,0.10160000000000001,0.0234,0.0391,0.0625,0.0234,0.0625,0.0078000000000000005,0.031200000000000002,0.0234,0.0234,0.10160000000000001,0.0703,0.031200000000000002,0.0234,0.0703,0.10160000000000001,0.0703
